"cohort","marker","HR","lower","upper","p","n"
"TCGA_LGG","SLC7A7",1.73103504534407,1.33694582733031,2.24128926315056,3.13904548978208e-05,447
"TCGA_LGG","PTPRC",1.53092556571097,1.21433030528082,1.93006225534777,0.00031481343765039,447
"TCGA_LGG","C1QB",1.6081058301336,1.25892408658317,2.05413844128467,0.000142666986473586,447
"TCGA_LGG","C1QA",1.54990572876062,1.21723936930219,1.97348839400594,0.000378419595499771,447
"TCGA_LGG","TYROBP",1.53270157552591,1.18642205825619,1.98004926094551,0.00108212267265597,447
"TCGA_LGG","ITGAM",1.473010471222,1.14799025319763,1.89005075808436,0.00232662922591239,447
"TCGA_LGG","AIF1",1.33425416463352,1.04257736015441,1.707531972091,0.0219485090076661,447
"TCGA_LGG","CSF1R",1.32889525530301,1.05385500369752,1.67571686177971,0.0162472572272709,447
"TCGA_LGG","CD68",1.15591291879378,0.903614211319019,1.47865611131101,0.248807680168387,447
"CGGA_693","SLC7A7",1.22508056681026,1.10570619204271,1.35734285109093,0.000104043522286577,608
"CGGA_693","PTPRC",1.21759573685709,1.092012405734,1.35762137007598,0.000392889792596393,608
"CGGA_693","C1QB",1.15456025262483,1.04699310984902,1.27317874817088,0.00397298466225922,608
"CGGA_693","C1QA",1.14305805186601,1.03768790660916,1.25912781831024,0.00673431188929742,608
"CGGA_693","TYROBP",1.11645323310848,1.01183808181908,1.23188467020088,0.028206533030897,608
"CGGA_693","ITGAM",1.07267952390749,0.960733891409574,1.19766916864168,0.212167125213249,608
"CGGA_693","AIF1",1.05393390612598,0.955344357017945,1.16269769148918,0.294502552368758,608
"CGGA_693","CSF1R",1.01979777583431,0.922087822864077,1.12786166112283,0.702836254164378,608
"CGGA_693","CD68",1.07149817236609,0.966847593139792,1.18747602158831,0.187839186192701,608
"CGGA_325","SLC7A7",1.60253072247418,1.37822412767535,1.8633433161595,8.80415306534078e-10,312
"CGGA_325","PTPRC",1.3692119309678,1.17895815103823,1.59016781914915,3.84176785841203e-05,312
"CGGA_325","C1QB",1.53790559948726,1.341503948388,1.76306125358505,6.64109488324806e-10,312
"CGGA_325","C1QA",1.55494194879086,1.35893475160796,1.77922042338574,1.35011937193939e-10,312
"CGGA_325","TYROBP",1.54251879842787,1.33993846501013,1.77572650210126,1.60399064799235e-09,312
"CGGA_325","ITGAM",1.32600476710138,1.13258557249698,1.55245544802335,0.000452060674631528,312
"CGGA_325","AIF1",1.38313957959087,1.19848185159648,1.59624869920428,9.15102071388014e-06,312
"CGGA_325","CSF1R",1.18035924440558,1.02816421068442,1.35508309993231,0.0185568713456256,312
"CGGA_325","CD68",1.1510821068834,1.00438123138367,1.3192102514319,0.0430923983786083,312
